question,expected_keywords
Какие документы нужны для поступления?,документы;заявление;паспорт
Какие вступительные испытания на направление 09.03.01?,вступительные;испытания;09.03.01
Сколько стоит обучение на платные места?,стоимость;обучение;рублей
Есть ли общежитие и как его получить?,общежитие
Какие индивидуальные достижения дают дополнительные баллы?,индивидуальные;достижения;баллы
Кто ректор университета?,ректор
Сроки подачи документов на очную форму?,сроки;подача;документы
Как перевестись из другого вуза?,перевод;вуз
Что такое целевое обучение и кто может подать?,целевое;обучение;договор
Где найти устав университета?,устав
